タイムスタンプ,団体名,団体画像,団体のSNSリンク（インスタ）,日程画像のアップロード,場所①での新歓日程を入力（平日） [4/1(水)],場所①での新歓日程を入力（平日） [4/2(木)],場所①での新歓日程を入力（平日） [4/3(金)],場所①での新歓日程を入力（平日） [4/6(月)],場所①での新歓日程を入力（平日） [4/7(火)],場所①での新歓日程を入力（平日） [4/8(水)],場所①での新歓日程を入力（平日） [4/9(木)],場所①での新歓日程を入力（平日） [4/10(金)],場所①での新歓日程を入力（平日） [4/13(月)],場所①での新歓日程を入力（平日） [4/14(火)],場所①での新歓日程を入力（平日） [4/15(水)],場所①での新歓日程を入力（平日） [4/16(木)],場所①での新歓日程を入力（平日） [4/17(金)],場所①での新歓日程を入力（平日） [4/20(月)],場所①での新歓日程を入力（平日） [4/21(火)],場所①での新歓日程を入力（平日） [4/22(水)],場所①での新歓日程を入力（平日） [4/23(木)],場所①での新歓日程を入力（平日） [4/24(金)],場所①での新歓日程を入力（平日） [4/27(月)],場所①での新歓日程を入力（平日） [4/28(火)],場所①での新歓日程を入力（平日） [4/29(水)],場所①での新歓日程を入力（平日） [4/30(木)],新歓の詳細説明・日程を入力（日程画像を入力した場合は不要）,団体説明を入力,新歓の開催場所①を入力,ハッシュタグを選択,備考,要望やメッセージなど,新歓の開催場所を入力②,場所②での新歓日程を入力（平日） [4/1(水)],場所②での新歓日程を入力（平日） [4/2(木)],場所②での新歓日程を入力（平日） [4/3(金)],場所②での新歓日程を入力（平日） [4/6(月)],場所②での新歓日程を入力（平日） [4/7(火)],場所②での新歓日程を入力（平日） [4/8(水)],場所②での新歓日程を入力（平日） [4/9(木)],場所②での新歓日程を入力（平日） [4/10(金)],場所②での新歓日程を入力（平日） [4/13(月)],場所②での新歓日程を入力（平日） [4/14(火)],場所②での新歓日程を入力（平日） [4/15(水)],場所②での新歓日程を入力（平日） [4/16(木)],場所②での新歓日程を入力（平日） [4/17(金)],場所②での新歓日程を入力（平日） [4/20(月)],場所②での新歓日程を入力（平日） [4/21(火)],場所②での新歓日程を入力（平日） [4/22(水)],場所②での新歓日程を入力（平日） [4/23(木)],場所②での新歓日程を入力（平日） [4/24(金)],場所②での新歓日程を入力（平日） [4/27(月)],場所②での新歓日程を入力（平日） [4/28(火)],場所②での新歓日程を入力（平日） [4/29(水)],場所②での新歓日程を入力（平日） [4/30(木)],新歓の開催場所を入力③,場所③での新歓日程を入力（平日） [4/1(水)],場所③での新歓日程を入力（平日） [4/2(木)],場所③での新歓日程を入力（平日） [4/3(金)],場所③での新歓日程を入力（平日） [4/6(月)],場所③での新歓日程を入力（平日） [4/7(火)],場所③での新歓日程を入力（平日） [4/8(水)],場所③での新歓日程を入力（平日） [4/9(木)],場所③での新歓日程を入力（平日） [4/10(金)],場所③での新歓日程を入力（平日） [4/13(月)],場所③での新歓日程を入力（平日） [4/14(火)],場所③での新歓日程を入力（平日） [4/15(水)],場所③での新歓日程を入力（平日） [4/16(木)],場所③での新歓日程を入力（平日） [4/17(金)],場所③での新歓日程を入力（平日） [4/20(月)],場所③での新歓日程を入力（平日） [4/21(火)],場所③での新歓日程を入力（平日） [4/22(水)],場所③での新歓日程を入力（平日） [4/23(木)],場所③での新歓日程を入力（平日） [4/24(金)],場所③での新歓日程を入力（平日） [4/27(月)],場所③での新歓日程を入力（平日） [4/28(火)],場所③での新歓日程を入力（平日） [4/29(水)],場所③での新歓日程を入力（平日） [4/30(木)],場所①の新歓日程を入力（土日） [4/4(土)],場所①の新歓日程を入力（土日） [4/5(日)],場所①の新歓日程を入力（土日） [4/11(土)],場所①の新歓日程を入力（土日） [4/12(日)],場所①の新歓日程を入力（土日） [4/18(土)],場所①の新歓日程を入力（土日） [4/19(日)],場所①の新歓日程を入力（土日） [4/25(土)],場所①の新歓日程を入力（土日） [4/26(日)],場所②の新歓日程を入力（土日） [4/4(土)],場所②の新歓日程を入力（土日） [4/5(日)],場所②の新歓日程を入力（土日） [4/11(土)],場所②の新歓日程を入力（土日） [4/12(日)],場所②の新歓日程を入力（土日） [4/18(土)],場所②の新歓日程を入力（土日） [4/19(日)],場所②の新歓日程を入力（土日） [4/25(土)],場所②の新歓日程を入力（土日） [4/26(日)],場所③の新歓日程を入力（土日） [4/4(土)],場所③の新歓日程を入力（土日） [4/5(日)],場所③の新歓日程を入力（土日） [4/11(土)],場所③の新歓日程を入力（土日） [4/12(日)],場所③の新歓日程を入力（土日） [4/18(土)],場所③の新歓日程を入力（土日） [4/19(日)],場所③の新歓日程を入力（土日） [4/25(土)],場所③の新歓日程を入力（土日） [4/26(日)],団体のSNSリンク（X）,本フォームへの回答は、掲載内容の誤りやトラブルを防ぐため、団体内で承認を得たうえで行ってください。,メールアドレス,普段の活動場所を選択,列 106
2026/04/01 10:29:48,硬式テニスサークル　まつぼっくり,https://drive.google.com/open?id=1exIr9GwICbdjepTDH36C7RTeLsJIoCcK,https://www.instagram.com/omu_mtb?igsh=Z20wbnVxYWdhb284&utm_source=qr,"https://drive.google.com/open?id=1UNDAsaD2oRnwSmX70k4m1jx5fQqwXmVc, https://drive.google.com/open?id=17gViZepMvCTeECoAEg7S0JlAVnl5pRDH",,,"４限, ５限, 放課後",,"４限, ５限, 放課後",,,,,"４限, ５限, 放課後",,,"４限, ５限, 放課後",,"４限, ５限, 放課後",,,"４限, ５限, 放課後",,,,,4/3〜5/8の火曜日と金曜日15-19時、金岡テニスコートで新歓を行います！4/10と4/28はお花見新歓です！大阪城公園で16-18時で行います！新歓への参加申込は新歓LINEグループにて行っています。LINEグループに入ったからといって新歓に必ず参加しなければいけないというわけではないので気軽に参加してください！新歓の詳細もLINEグループにて発信を行なっています！,硬式テニスサークルまつぼっくりです！初心者でも経験者でも大歓迎です！テニスが大好きな子も、ちょっと興味がある子も、おしゃべりを沢山したい子もぜひ新歓に来てください！,学外,"部室あり, スポーツ, アウトドア",,,学外,,,,,,,,"４限, ５限",,,,,,,,,,,,"４限, ５限",,,,,,,,,,,,,,,,,,,,,,,,,,,,,,,,,,,,,,,,,,,,,,,,,,https://x.com/omu_mtb?s=21,はい,,,
2026/04/01 22:05:37,アカペラサークルONE BEENS,https://drive.google.com/open?id=19PHwAg_gKETO4OlMY6m5PzSVVPDXYkus,https://www.instagram.com/one_beens/,https://drive.google.com/open?id=1EXr2w-gbxqGz350R8Nq-p6blb9DxDTBt,,,,,,,,放課後,,,,,,放課後,,,,放課後,,,,,新歓ライブ 18:30-19:30 @中百舌鳥キャンパス　新歓カラオケ 13:00-17:00 @ジャンカラ京橋一号店　あそびーんず•ピクニック 12:00-17:00 @大泉緑地　アカペラ体験会 18:30-19:30 @中百舌鳥キャンパス　オンライン新歓 放課後（詳しい時間は未定）いずれも途中参加•退出OKです！少しでも気になったら覗きにきてください！,こんにちは！アカペラサークルONE BEENSです！みなさんアカペラはご存じですか？ メロディも、ハーモニーも、ベースも、ドラムの音さえも、全部声だけ。楽器を使わずに一人一人の声を重ねることで音楽を作ります。中百舌鳥キャンパスで月・金の18:30-21:00で活動しています！活動頻度は自分で決められるので勉強やバイト、他サークルとも両立が可能です🙆‍♀️,中百舌鳥キャンパス,"部室あり, 上回生歓迎, 芸術, 音楽, インドア, アウトドア",,よろしくお願いいたします！,学外,,,,,,,,,,,,,,,,,,,,,,,オンライン,,,,放課後,,放課後,,,放課後,,放課後,,放課後,,,放課後,,放課後,放課後,,放課後,,,,,,,,,,,,"12:00, 13:00, 14:00, 15:00, 16:00, 17:00, 18:00",,"12:00, 13:00, 14:00, 15:00, 16:00",,,"12:00, 13:00, 14:00, 15:00, 16:00, 17:00, 18:00",,,,,,,,,https://x.com/OneBeens,はい,,,
2026/04/01 22:28:32,弓道部中百舌鳥支部,https://drive.google.com/open?id=1ZWXlBMkMsr0stmJXMYwwJiiUGP-zmqh1,https://www.instagram.com/omu_kyudo.2026?igsh=eXd2enRsdW42eHE5&utm_source=qr,"https://drive.google.com/open?id=1FEVT8rOVDA5tzBG_lhy4v8EWoFQaegas, https://drive.google.com/open?id=1E7q051Q7Ms4BEKTXLJiJmctWMcC06ExQ","１限, ２限目, 昼休み, ３限, ４限, ５限, 放課後","１限, ２限目, 昼休み, ３限, ４限, ５限, 放課後","１限, ２限目, 昼休み, ３限, ４限, ５限, 放課後","１限, ２限目, 昼休み, ３限, ４限, ５限, 放課後","１限, ２限目, 昼休み, ３限, ４限, ５限, 放課後","１限, ２限目, 昼休み, ３限, ４限, ５限, 放課後","１限, ２限目, 昼休み, ３限, ４限, ５限, 放課後","１限, ２限目, 昼休み, ３限, ４限, ５限, 放課後","１限, ２限目, 昼休み, ３限, ４限, ５限, 放課後","１限, ２限目, 昼休み, ３限, ４限, ５限, 放課後","１限, ２限目, 昼休み, ３限, ４限, ５限, 放課後","１限, ２限目, 昼休み, ３限, ４限, ５限, 放課後","１限, ２限目, 昼休み, ３限, ４限, ５限, 放課後","１限, ２限目, 昼休み, ３限, ４限, ５限, 放課後","１限, ２限目, 昼休み, ３限, ４限, ５限, 放課後","１限, ２限目, 昼休み, ３限, ４限, ５限, 放課後","１限, ２限目, 昼休み, ３限, ４限, ５限, 放課後","１限, ２限目, 昼休み, ３限","１限, ２限目, 昼休み, ３限, ４限, ５限, 放課後","１限, ２限目, 昼休み, ３限, ４限, ５限, 放課後",,,試し引きは実際に弓を引いていただきます！雨天中止です😑,男女ともに関西学生リーグ2部に所属しています🔥中百舌鳥キャンパス和弓場で日々練習しています！私たちと一緒に弓を引きませんか？🏹,中百舌鳥キャンパス,"部室あり, ガチめ, スポーツ",,よろしくお願いします！,,,,,,,,,,,,,,,,,,,,,,,,,,,,,,,,,,,,,,,,,,,,,,,"9:00, 10:00, 11:00, 12:00, 13:00, 14:00, 15:00, 16:00, 17:00, 18:00","10:00, 11:00, 12:00, 13:00, 14:00, 15:00, 16:00, 17:00, 18:00","9:00, 10:00, 11:00, 12:00, 13:00, 14:00, 15:00, 16:00, 17:00, 18:00","10:00, 11:00, 12:00, 13:00, 14:00, 15:00, 16:00, 17:00, 18:00",,,,,,,,,,,,,,,,,,,,,https://x.com/omu_kyudo_n26?s=21,はい,,,
2026/04/02 0:32:49,競技スキー・スノーボード部,https://drive.google.com/open?id=1OhqOjI807zUODojB3bX5tmLZiwEvmVlB,@omuskisnowboard,https://drive.google.com/open?id=1hbraGQLramOifsXzqyEzGpQxmKg36fDv,,,,,,,,,,,,,,,"５限, 放課後",,"５限, 放課後",,,,,,,入生の皆さん！ こんにちは😊 大阪公立大学体育会競技スキー・スノーボード部です。 スキー・スノーボードの2部門で活動しています。 ⁡ スキー部門では、アルペンスキーに取り組んでいます。 アルペンスキーとは、コース上の旗門いかに早く滑り降りるかを競う競技です。 長野県をベースにプロのコーチに教えてもらいながら大会にむけて技術向上を目指します。 冬には北海道でも練習します。 他大学とも合同で練習するので、全国に仲間ができるし仲良くなれます！ また、練習終わりに温泉やグルメ、観光を楽しんだりすることもできます！ ⁡ スノーボード部門では、まず最初の目標に滑走技術の向上に向けカービングの基礎を身に着け、JSBAバッジテスト合格を掲げます。 新潟や長野のスキー場で滑ります。 知らない人に「あのボーダーかっこよくね？」と言われる滑りが身に付きます！  大学生活で何かに没頭したい人や楽しみたい人来たれ！ 白銀の世界で非日常を満喫しませんか？？ 男女ともに大歓迎、経験問いません（ほとんどの部員が未経験からのスタートです）。⁡,学外,"部室あり, 部費無料, 上回生歓迎, スポーツ, アウトドア",,,杉本キャンパス,,,,,,,,,,,,,,,,,,,,,,,,,,,,,,,,,,,,,,,,,,,,,,,,"9:00, 10:00, 11:00, 12:00, 13:00, 14:00, 15:00, 16:00, 17:00",,"9:00, 10:00, 11:00, 12:00, 13:00, 14:00, 15:00, 16:00, 17:00, 18:00, 19:00, 20:00",,"10:00, 11:00, 12:00, 13:00, 14:00, 15:00, 16:00",,,,,,,,,,,,,,,,,,@omuskisnowboard,はい,,,
2026/04/02 0:53:33,メディア部Hijicho,https://drive.google.com/open?id=1NezruWwuIrOlyHfvib8MdLvcgPNm9Mr7,@hijicho,https://drive.google.com/open?id=1VUzmss2zuSSD0ELhyo3Duqnoq7oJasIf,,,,,,,,,放課後,,放課後,,放課後,,,放課後,,,,,,,,SNSやwebサイトの制作・運営、広報誌制作が主な活動内容です！興味のある方はぜひ新歓にお越しください！,森之宮キャンパス,"部室あり, 部費無料, 上回生歓迎, ゆるめ, インドア",,,,,,,,,,,,,,,,,,,,,,,,,,,,,,,,,,,,,,,,,,,,,,,,,,,,,,,,,,,,,,,,,,,,,,,,,@omu_hijicho,はい,,,
2026/04/02 14:24:27,ギターマンドリンクラブ,https://drive.google.com/open?id=1ezozHpL7KWmV_4w-RkUABliZUoOQRwmB,instagram.com/omu_sgmt_gmc,https://drive.google.com/open?id=1EIrmZhJMkovHtm48HONEiNR9pVkrWrI7,,,,,,,,,"５限, 放課後",,"５限, 放課後",,"５限, 放課後","５限, 放課後",,"５限, 放課後",,"５限, 放課後","５限, 放課後",,,,,主に杉本キャンパスの大音練、小音練で活動しています。活動は週3回(月・水・金)16:30~19:30に行っています。マンドリンやクラシックギター、コントラバスなどの様々な弦楽器での合奏を楽しむオーケストラです！,杉本キャンパス,"部室あり, 上回生歓迎, 音楽, インドア",,,,,,,,,,,,,,,,,,,,,,,,,,,,,,,,,,,,,,,,,,,,,,,,,,,,,,,,,,,,,,,,,,,,,,,,,x.com/omu_sgmt_gmc3?s=21,はい,,,
2026/04/02 19:22:17,アメリカンフットボール部,https://drive.google.com/open?id=1pybH5Jh2J_Uv_hno0YLUNhnllz4LdwY4,https://www.instagram.com/paladins_shinkan?igsh=MTNlOXE1aDI4YXJ3cQ%3D%3D&utm_source=qr,https://drive.google.com/open?id=1y3qBDYyVl4RlDYU2eBSX_aVMUZ6qoEYx,,,,,,,,放課後,放課後,放課後,,,,,,,,,,,,,5日：タッチフット＠杉本芝グラウンド　8日：クイズ大会＠730　10日：ビンゴ大会＠403　11日：オリンピック＆女子会＠杉本芝グラウンド　12日：腕相撲＆ミニゲーム＠122　14日：ビンゴ大会＠403　17日：練習体験＠杉本芝グラウンド　18日：球技大会＠なかもずラグビー場　19日：タッチフット＠杉本グラウンド　22日：練習体験＠杉本芝グラウンド　25日：OB戦＠杉本芝グラウンド　26日：練習体験＠杉本芝グラウンド,大阪公立大学アメリカンフットボール部「PALADINS」です！選手55名、スタッフ29名の計84名で活動している学内最大規模の体育会部活です。一部昇格を目標に掲げ、日々活動しています。〇練習日時 授業期間 　火・水・金：授業後～20時 　土・日：9時～13時 長期休暇期間　 　火・水・金・土・日：9時～13時 〇練習場所 杉本キャンパス芝グラウンド 中百舌鳥キャンパスアメフト場 ※テスト期間中は、部員の試験対策を最優先に考え、活動日数や活動期間、活動形態を変更して練習を行っております。,森之宮キャンパス,"部室あり, ガチめ, スポーツ, アウトドア",,,杉本キャンパス,,,,,,"３限, ４限, ５限",,,,,,,"５限, 放課後",,,"５限, 放課後",,,,,,,中百舌鳥キャンパス,,,,,,,,,,,,,,,,,,,,,,,,,,,,,,,,"13:00, 14:00, 15:00, 16:00, 17:00, 18:00","15:00, 16:00, 17:00, 18:00, 19:00, 20:00","11:00, 12:00, 13:00, 14:00, 15:00, 16:00, 17:00",,"13:00, 14:00, 15:00, 16:00, 17:00, 18:00","14:00, 15:00, 16:00, 17:00, 18:00, 19:00","16:00, 17:00, 18:00, 19:00",,,,,"14:00, 15:00, 16:00, 17:00, 18:00, 19:00",,,,https://x.com/paladinsshinkan?s=21,はい,,,
2026/04/02 23:17:27,競技麻雀サークル,https://drive.google.com/open?id=1JOAn3fpHenJLsXpCTYbR83RMAUqQjVw4,https://www.instagram.com/osakakoumj/,https://drive.google.com/open?id=1sKN22j-kTBUgzMUhqKvueF1vJ7x8ul9h,"１限, ２限目, 昼休み, ３限, ４限, ５限, 放課後",,"１限, ２限目, 昼休み, ３限, ４限, ５限, 放課後",,"１限, ２限目, 昼休み, ３限, ４限, ５限, 放課後",,"１限, ２限目, 昼休み, ３限, ４限, ５限, 放課後",,"１限, ２限目, 昼休み, ３限, ４限, ５限, 放課後",,"１限, ２限目, 昼休み, ３限, ４限, ５限, 放課後",,"１限, ２限目, 昼休み, ３限, ４限, ５限, 放課後",,"１限, ２限目, 昼休み, ３限, ４限, ５限, 放課後",,"１限, ２限目, 昼休み, ３限, ４限, ５限, 放課後","１限, ２限目, 昼休み, ３限, ４限, ５限, 放課後","１限, ２限目, 昼休み, ３限, ４限, ５限, 放課後","１限, ２限目, 昼休み, ３限, ４限, ５限, 放課後","１限, ２限目, 昼休み, ３限, ４限, ５限, 放課後","１限, ２限目, 昼休み, ３限, ４限, ５限, 放課後",,平日にマーチャオξ天王寺店(https://maps.app.goo.gl/4Msh28kumncXm6kp6)で活動しております。対面で麻雀をやっており、初心者から経験者まで幅広く歓迎しています。,学外,"部費無料, 上回生歓迎, ゲーム, インドア",,,,,,,,,,,,,,,,,,,,,,,,,,,,,,,,,,,,,,,,,,,,,,,,,,,,,,,,,,,,,,,,,,,,,,,,,https://x.com/osakakoumj1,はい,,,
2026/04/02 23:45:38,森之宮を遊び場にする会,https://drive.google.com/open?id=1yY6W4X4J50JwcrbGU-iqiQZDQiy62jMg,https://www.instagram.com/enjoy_omu?igsh=emFiMHIzYWd0bTJk&utm_source=qr,https://drive.google.com/open?id=1gdisNVJCGTvhrgaX_6O5lE-xmLHg9Hs1,,,,,"３限, ４限, ５限, 放課後",,,,,,,,,,,,,,,,,,13:30より大阪城公園でお花見！軽食を食べたり、身体を動かしたり、お話したり、なんでもござれです！日が落ちてきたら希望者で近くの美味しいご飯屋さんを開拓しましょう！,新キャンパスのある森之宮を遊び場として位置付け、遊びの文化を一から創り上げていくことを目指す有志の会です。各々の予定が合う時に不定期に企画や遊びを開催しています！森之宮で遊びたい人なら誰でも大歓迎！,森之宮キャンパス,"部費無料, 上回生歓迎, ゆるめ, スポーツ, ゲーム, 芸術, 音楽, 勉強, インドア, アウトドア",,,,,,,,,,,,,,,,,,,,,,,,,,,,,,,,,,,,,,,,,,,,,,,,,,,,,,,,,,,,,,,,,,,,,,,,,https://x.com/enjoy_omu?s=21,はい,,,
2026/04/03 10:57:19,合氣道部,https://drive.google.com/open?id=19UXua8gnN8YGxBr4lq-dFHRfC4Qpiypi,https://www.instagram.com/hamudaiaikidoubu?igsh=MTF4dnZtaDZreDV2aA%3D%3D&utm_source=qr,https://drive.google.com/open?id=1Qzrl159Sk1JFLeAk0riVBcHU8hJlfy2e,,,,,,,放課後,,放課後,,,放課後,,,,,放課後,,,,,放課後,場所の詳細です。森之宮:2階マルチユースルーム(201)、杉本:新武道場、中百舌鳥:体育館1階奥柔道場,現在は中百舌鳥キャンパス体育館1階柔道場:月18:00-20:00(後半1時間体験) 土18:00-20:00(体験) 杉本キャンパス新武道場:火、金18:00-20:00(後半1時間体験) 森之宮キャンパス2階マルチユースルーム:木19:00-20:00 にて、わいわい稽古をしています！週一からフル参加まで、さまざまな人がいます。ご飯や旅行、レクリエーションもしています☺️,森之宮キャンパス,"部室あり, 上回生歓迎, ガチめ, ゆるめ, スポーツ",,活動の紹介のところの入力欄の短文回答のところが長文回答だと嬉しいです🥹,杉本キャンパス,,,放課後,,,,,,,放課後,,,放課後,,放課後,,,放課後,,放課後,,,中百舌鳥キャンパス,,,,,,,,,放課後,,,,,放課後,,,,,放課後,,,,,,,,,,,,,,,,,,,,"18:00, 19:00, 20:00",,,,"18:00, 19:00, 20:00",,"18:00, 19:00, 20:00",,https://x.com/new_ocuaikido?s=20,はい,,,
2026/04/03 16:08:17,劇団カオス,https://drive.google.com/open?id=1eoB4PVrrsWHsu0eRwILPD5WsZ2W7WBtb,https://www.instagram.com/gekidan.chaos?igsh=ZGR5dnJsbDI5a3k5,https://drive.google.com/open?id=1MRxk9sf3UDygKsdJPTe32Br3DjvB7a41,,,,,,,放課後,,放課後,放課後,放課後,,放課後,放課後,,放課後,,放課後,放課後,,,,18日土曜日は大阪城公園にてピクニック新歓を行います‼️楽しくピクニックして、おしゃべりしたり軽く動いたりしてみましょう‼️,普段の活動は森ノ宮キャンパス、杉本キャンパスで行います‼️活動日時は、劇団員のスケジュールを集めて調整するため、決まった曜日などはありませんが、稽古場は週4.5。裏方は週3.4になることが多いです‼️活動内容は約2ヶ月に1回行われる公演を、劇団員でゼロから作り上げます‼️役者も裏方も輝ける場です‼️,森之宮キャンパス,"部室あり, 上回生歓迎, ガチめ, ゆるめ, インドア",18日のピクニック新歓と29日の確定新歓の時間はまだ確定していないのですが、変更はできますか？できるようでしたら、決まり次第お伝えするかもしれません。,,杉本キャンパス,,,,,,,,,,,,,,,,,,,,,"昼休み, ３限, ４限, ５限, 放課後",,学外,,,,,,,,,,,,,,,,,,,,,,,,,,,,,,,,,,,,,,,,,,,"10:00, 11:00, 12:00, 13:00, 14:00, 15:00, 16:00",,,,twitter.com/gekidanchaos,はい,,,
2026/04/04 9:16:43,チーム朱蘭,https://drive.google.com/open?id=1OxVWx8l5oZocEWfGWbW9ZYlb0IDWZHcj,https://www.instagram.com/shiran.shinkan26?igsh=Nmo2emVkaGdxem8w,,,,,,,,放課後,,放課後,放課後,"５限, 放課後",,放課後,,放課後,放課後,,放課後,,放課後,,,4日お花見🌸14:00～16:00@森ノ宮キャンパス１階学生ラウンジ 朱蘭の先輩とおしゃべりしたりお菓子を食べたりします🌸  7、8日新歓花道（ビラ配り）＆お話会@森ノ宮キャンパス お話会は森ノ宮キャンパスの学生ラウンジで行います！  9日朱蘭体験会（衣装👘、旗🚩）18:45～21:00@森ノ宮アリーナ 朱蘭の衣装を着たり旗に触れたりすることができます！  11日ふたば祭、新歓ロードビラ配り@杉本キャンパス ふたば祭では過去4年分の演舞を披露させていただきます！模擬店も出店させていただきます！  13、14日合同新歓（個別相談ブース） 18:45～20:30@森ノ宮キャンパス5階  15日朱蘭体験会（衣装👘、旗🚩、振り💃） @森ノ宮アリーナ 18:45～21:00 朱蘭の衣装を着たり旗に触れたり振りを教えてもらったりすることができます！  17日合同新歓（個別相談ブース＆団体紹介発表） 18:45～20:30@森ノ宮キャンパス5階 合同新歓の個別相談ブースでは朱蘭の先輩とサークルや大学生活の事などなんでも話すこと  ができます！  18日BBQ 10:00～13:00@長居公園 参加費、人数制限あり。先着順！ 長居公園のBBQ会場でBBQをします！先輩をおしゃべりしたりお肉を食べたりすることができます🍖🔥  21日練習見学18:00～20:00@森ノ宮キャンパスアリーナ  22日大新歓（ビンゴ大会&演舞披露💃） 18:30～20:00 ＠森ノ宮キャンパスアリーナ ビンゴ大会では景品もあります！ 演舞披露では衣装や道具を使った本番のような迫力満点の演舞を披露させていただきます！  24日練習見学18:00~21:00@森ノ宮キャンパスアリーナ  28日練習見学18:00~21:00@森ノ宮キャンパスアリーナ 練習見学では普段の朱蘭の練習の見学をしていただきます！,日頃はよさこいの練習をし、よさこいのお祭りで大賞を目指して自分達が作った演舞を披露しています！ ダンス経験がない人も多く、初心者大歓迎です！！新歓お待ちしています♪♪ 活動日 火水金18:00~21:00 活動場所 森ノ宮周辺（森ノ宮キャンパスアリーナや大阪城公園など）、長居公園,森之宮キャンパス,スポーツ,,,杉本キャンパス,,,,,,,,,,,,,,,,,,,,,,,学外,,,,,,,,,,,,,,,,,,,,,,,"14:00, 15:00",,,,,,,,,,"11:00, 12:00",,,,,,,,,,"10:00, 11:00, 12:00",,,,shiran.shinkan26,はい,haruna.stream401@gmail.com,,
2026/04/04 20:15:22,ランニングサークルMetra,https://drive.google.com/open?id=1QP5ofay3QbUbKlqdUlENaaVJjZ1Vs_6o,https://www.instagram.com/omu_meetrack?igsh=b2xmNXRhcmlhcHl0&utm_source=qr,https://drive.google.com/open?id=15J5yu7CNp_EegE4G9YExg85Lu658qcM6,,,,,,,,放課後,,,,,,,,,,放課後,,,,,,近くの公園にジョギングで向かった後、自分に合ったレベルのグループに入り、公園を走ります🏃本気で走りたい人から、軽く走りたい人まで様々な目的の人がいるので、ランニングに興味のある方はぜひ来てくださいね〜！走れる服と靴、飲み物を持ってきてください！,森之宮キャンパス,"部室あり, 部費無料, 上回生歓迎, ゆるめ, スポーツ, アウトドア",,,中百舌鳥キャンパス,,,,,,,,,,,,放課後,,,,放課後,,,,,,,,,,,,,,,,,,,,,,,,,,,,,,,,,,,,,,,,,,,13:00,,,,,,,,,,,https://x.com/omu_meetrack?s=21&t=yjI-8JeeNX-2Ok2ARsejzQ,はい,running.omu.metra@gmail.com,,
2026/04/04 23:53:41,ソフトテニス部,https://drive.google.com/open?id=1ToXslW1_e3b4UI52pC8BKEBGY3MQRF3l,https://www.instagram.com/omu.softtennis_shinkan_2026?igsh=MWN2NzkwdWY3YTgzbw%3D%3D&utm_source=qr,https://drive.google.com/open?id=1OKrbxJI8c6Ws222ZLtikMhjJYEOymiiW,,,,,"昼休み, ３限, ４限, ５限, 放課後",,,,,,,,,,,,,,,,,,,平日は杉本キャンパステニスコート(月火金)・中百舌鳥キャンパステニスコート(月水金)で、休日はどちらかのキャンパスでの合同練習や大会などに出場し、活動しております！,中百舌鳥キャンパス,"部室あり, ガチめ, ゆるめ, スポーツ, アウトドア",,,,,,,,,,,,,,,,,,,,,,,,,,,,,,,,,,,,,,,,,,,,,,,,,,,,,,,,,,,,,,,,,,,,,,,,,,はい,sk25363e@st.omu.ac.jp,,
2026/04/07 9:30:56,学術探検部,https://drive.google.com/open?id=19X06y8uO55GiIXxaW8Dnlq2WOMJhpDsG,@omu_exploreclub,https://drive.google.com/open?id=1E0QyU4CIiPqHosnqIrtrXS7vzEmEepz9,,,,,,,,"５限, 放課後",放課後,,放課後,,"５限, 放課後",,,,,"５限, 放課後",,,,,学外での実際の活動は日中丸々かかることを踏まえてご参加ください。部会前説明会は杉本キャンパスの部室にて17:00から行います（森之宮からも参加可能、場所は未定）,自分たちで計画し、登山やラフティング（川）、ケイビング（洞窟）を行ったり、無人島に行ったりサイクリングをしたりと、アウトドア全般を行うサークルです！ 実際の活動は主に土日に行い、その他金曜日には活動報告や参加募集等を行う部会があります。基本的に活動は学外のため比較的キャンパスの枠にとらわれないサークルです！部会は杉本キャンパスにある部室で行いますが、遠隔での参加も可能です。,森之宮キャンパス,"部室あり, 上回生歓迎, ゆるめ, スポーツ, アウトドア",新歓の開始時刻等詳しいことはまだ出てないと思う。,,学外,,,,,,,,"昼休み, ３限",３限,,３限,,"昼休み, ３限",,,,,"昼休み, ３限",,,"１限, ２限目, 昼休み, ３限, ４限, ５限, 放課後",,杉本キャンパス,,,,,,,,"昼休み, ３限",,,,,"昼休み, ３限",,,,,"昼休み, ３限",,,,,,,,9:00,9:00,9:00,9:00,9:00,,,,"9:00, 10:00, 11:00, 12:00, 13:00, 14:00, 15:00, 16:00, 17:00","9:00, 10:00, 11:00, 12:00, 13:00, 14:00, 15:00, 16:00, 17:00, 18:00, 19:00, 20:00","9:00, 10:00, 11:00, 12:00, 13:00, 14:00, 15:00, 16:00, 17:00, 18:00, 19:00, 20:00","9:00, 10:00, 11:00, 12:00, 13:00, 14:00, 15:00, 16:00, 17:00, 18:00, 19:00, 20:00","9:00, 10:00, 11:00, 12:00, 13:00, 14:00, 15:00, 16:00, 17:00, 18:00, 19:00, 20:00",,,,,,,,,@OMU_explore,はい,kinoppikinopi.03@gmail.com,,
2026/04/05 9:52:29,ピアノ部,https://drive.google.com/open?id=1PSvt8k7b3c1l9NnMfEeoOKYsJ_EtzlX-,https://www.instagram.com/omupiano?igsh=MXRraWJqb3gwdGk2Zw==,,,,,,,"２限目, 昼休み, ３限",,,放課後,,放課後,放課後,,,,,,,,,,,"【森ノ宮】4/8(水) 新歓花道11:00-15:00、4/13(月),4/15(水),4/16(木)の18:45-20:30 個別相談ブース  【なかもず】4/17(金) 新歓コンサートinB12棟大集会室、もしかしたら4/24(金)もするかもしれません！ 【新歓用オープンチャット】https://line.me/ti/g2/B2bNKNpSXCwBJxJd1K_YtQFiEWTEM8n0nC7Dgg?utm_source=invitation&utm_medium=link_copy&utm_campaign=default",【活動場所】部室、その他ピアノがある練習室   【活動日時】特になし！好きな時にいつでも練習できる環境を整えております！【活動内容】普段の活動：年に二回の大きな演奏会に向けて各々が好きな時に好きなだけピアノを練習する！ 年間通して定期的に開催されるコンサートに参加する！,森之宮キャンパス,"部室あり, 上回生歓迎, ゆるめ, 音楽, インドア",,,中百舌鳥キャンパス,,,,,,,,,,,,,"４限, ５限, 放課後",,,,,,,,,,,,,,,,,,,,,,,,,,,,,,,,,,,,,,,,,,,,,,,,,,,,,,,,,,はい,naho74naho38@gmail.com,,
2026/04/05 22:20:29,F-enigma,https://drive.google.com/open?id=1k0bb4nkGntxiv5x7SG9Utb3MXlfTpvef,,https://drive.google.com/open?id=1vWKrpCUbe3LnrndnFbu5nnwhjibW9cjb,,,,,,,放課後,放課後,,,,,,放課後,放課後,,,,,,,,,普段は中百舌鳥キャンパス文化部棟2階で活動しています。文化祭や外部イベントの謎解きコンテンツの制作や、休日に謎解きイベントへ遊びに行ったりしています。,森之宮キャンパス,"部室あり, 部費無料, 上回生歓迎, ゆるめ",,,中百舌鳥キャンパス,,,,,,,,,,,,,"５限, 放課後",,,,,"５限, 放課後",,,,,,,,,,,,,,,,,,,,,,,,,,,,,,,,,,,,,,,,,,,,,,,,,,,,@omunazotoki,はい,remocon0702@gmail.com,,
2026/04/05 22:32:22,キャップ野球サークルCOMUC,https://drive.google.com/open?id=1G5BpECr-Mcvfp4fHq3E05XwRNcqOwdUM,https://www.instagram.com/comuc_omuctc?igsh=MTRud3g5YjdmOGhkbg==,https://drive.google.com/open?id=1Q7UKDfp3hz825LLPWUd3oJ9OZMDmslaz,,,,,"４限, ５限",,,,,,,,,,,,,,,,,,,杉本キャンパス旧体育館でペットボトルのキャップを用いた、キャップ野球をしています！活動曜日は土曜日の19時から22時です！,杉本キャンパス,"部費無料, 上回生歓迎, ガチめ, ゆるめ, スポーツ",,,,,,,,,,,,,,,,,,,,,,,,,,,,,,,,,,,,,,,,,,,,,,,,,"19:00, 20:00",,,,"19:00, 20:00",,"19:00, 20:00",,,,,,,,,,,,,,,,,,https://x.com/omu_cap,はい,comuc0211@gmail.com,,
2026/04/05 23:24:38,競技ダンス部,https://drive.google.com/open?id=1aTEtAgyzyml9gN-05hZ0XqzpPFdVJY-e,https://www.instagram.com/omu_kyodan?igsh=MXg4c2NhMDd5bDc0Mg==,"https://drive.google.com/open?id=1s9blWtib7rpgdnY1oKpSfHNk_mmpQAJq, https://drive.google.com/open?id=1_K3gJ1SoKar-CxgsgLl8yhnwX7Ieeht5",,,,,"２限目, 昼休み, ３限","２限目, 昼休み, ３限",放課後,放課後,放課後,放課後,放課後,放課後,放課後,,放課後,,,放課後,放課後,放課後,,,,活動場所:杉本キャンパス　北食堂2階オアシス　活動日時:火曜日5限後、土曜日　競技ダンスとは社交ダンスを競技化したものです！💃🕺 現在の部員は全員が初心者でしたが、全国大会で優勝したり関西大会で団体優勝したりと、初心者でも日本一を目指せるスポーツです✨️ 運動経験が無くても大丈夫！ぜひ大学で新しいことを始めてみませんか？　,森之宮キャンパス,"部室あり, 部費無料, スポーツ, 音楽, インドア",,,杉本キャンパス,,,,,,,,,,,,,,,,,,,,,,,,,,,,,,,,,,,,,,,,,,,,,,,,,,,,,,,,"10:00, 11:00, 12:00, 13:00, 14:00, 15:00, 16:00, 17:00, 18:00","10:00, 11:00, 12:00, 13:00, 14:00, 15:00","13:00, 14:00, 15:00, 16:00","12:00, 13:00, 14:00, 15:00, 16:00, 17:00",,,,,,,,,,,https://x.com/omu_kyoudan2025?s=21&t=MgVl6aPMbU1Fj9cnRo7ohg,はい,asato17929@gmail.com,,
2026/04/05 23:51:55,文学研究会,https://drive.google.com/open?id=1U4EDiIHwbpjV2JIjTp6nHXNXvJhJNnKW,https://www.instagram.com/bunken_omu?igsh=cjdhYWxvY2N5MW9s,https://drive.google.com/open?id=1za-OG_30Lfotx3mKvkeq501XUnndYwWY,,,,,,,,,放課後,放課後,放課後,放課後,,,放課後,,放課後,,,放課後,,,,私たち文学研究会は、週に１回、主に森之宮キャンパスの空き教室で、5限後に読書会（例会）を行っています。短編や長編の抜粋を中心に、毎週部員が選書した作品を事前に読んでから集まり、感想を語り合い、内容や表現について議論をしています。読書会の後は雑談をしたり、部員同士でご飯に行ったりしています。毎回全員が参加する必要は全くなく、各々が好きなタイミングで参加しています。現在は部室がありませんが、部室の獲得に向けて日々活動をしています。 「文学研究会」と聞くと堅苦しいイメージがあるかもしれませんが、全然そんなことはなく、いつも和やかでわいわいした雰囲気です。選書する作品も、純文学はもちろん、大衆文学や詩集、漫画について語り合うこともあります。また、文学部以外の学生もたくさん在籍しているので、全学部からの入部を歓迎しています！ 文研の活動には他にも、「企画」といって、部員が自由に企画を立てられるオープンチャットがあります。例えば、去年は短歌・小説を創作したり、美術展に行ったり、映画を観に行ったりしました。また、近年では夏合宿も開催しており、自然を感じながらみんなで楽しい思い出を作ることができます。 少しでも本サークルに興味を持っていただけた方は、XまたはInstagramのDMより気軽にご連絡ください！学部、回生問いません！ご連絡お待ちしております！,森之宮キャンパス,"上回生歓迎, ゆるめ, 芸術, インドア",11日と12日はふたば祭　1日目10:00-18:00、2日目10:00-15:00,,杉本キャンパス,,,,,,,,,,,,,,,,,,,,,,,,,,,,,,,,,,,,,,,,,,,,,,,,,,,,,,,,"10:00, 18:00","10:00, 15:00",,,,,,,,,,,,,https://x.com/bunken_omu?s=21&t=xop-OCG44XOkbdGuEnhYcg,はい,irro8sakka@gmail.com,,
2026/04/06 0:06:33,にゃん恋,https://drive.google.com/open?id=1i3gtqohVC0J0LORGgo9rA0ABwCUHdTEV,@omu_idol_fresh,https://drive.google.com/open?id=1tNeBmWxt-7KfhJbNnQaTjeeU16-9WgD5,,,,,,,,,放課後,,,,放課後,放課後,,,,放課後,放課後,,,,,杉本キャンパスや大阪のスタジオで活動しています！ 月曜日・金曜日の18:00〜21:00に活動していて、日本のアイドルのコピーダンスを中心に、ユニドルなどの大会やイベントに向けてダンス練習をしています！✨,杉本キャンパス,"部室あり, 部費無料, 上回生歓迎, ガチめ, ゆるめ, スポーツ, 音楽, インカレ",,,,,,,,,,,,,,,,,,,,,,,,,,,,,,,,,,,,,,,,,,,,,,,,,,,"11:00, 12:00, 13:00, 14:00, 15:00","10:00, 11:00, 12:00, 13:00, 14:00, 15:00",,,,,,,,,,,,,,,,,,,,,@omu_idol_fresh,はい,misakidayooon0907@gmail.com,,
2026/04/06 10:43:10,男子ラクロス部,https://drive.google.com/open?id=1HCEMT8ILfnXEMq_u6Id6MYF9jkwt62iS,https://www.instagram.com/omulax_freshman?igsh=MWI0aGllZHA3YWExZg%3D%3D&utm_source=qr,"https://drive.google.com/open?id=11uZG9fq9sT4MIcX2YanipjgyWbAWV7_A, https://drive.google.com/open?id=1Ifvtv8Ve4PEBKEoWH_8v0R78YfcsNWdb, https://drive.google.com/open?id=17rjE4t0lZzQ9zfvx3lSVQVvEIXKvFCpH, https://drive.google.com/open?id=1D7UTfnY-d6e01-yld30IoJkj17Alj4Zn, https://drive.google.com/open?id=1p3_ak2Zu7bF-ikWI8i0YA79oDsjpr_pS",,"昼休み, ３限, ４限","昼休み, ３限, ４限",,"２限目, 昼休み, ３限, ４限","２限目, 昼休み, ３限, ４限","２限目, 昼休み, ３限, ４限",放課後,"３限, ４限, ５限","３限, ４限, ５限","５限, 放課後","３限, ４限, ５限",,放課後,放課後,放課後,放課後,放課後,放課後,放課後,放課後,放課後,,杉本キャンパスグラウンド　　火・水・金 7:20-10:30  土・日8:00-12:00 8月から11月に行われるリーグ戦に向け、練習・試合など行っています。,森之宮キャンパス,"部室あり, 上回生歓迎, ガチめ, スポーツ",,,杉本キャンパス,１限,,１限,,１限,１限,,１限,,１限,１限,,１限,,１限,１限,,１限,,１限,１限,,,,,,,,,,,,,,,,,,,,,,,,,,,,,,,,,"11:00, 12:00, 13:00, 14:00","10:00, 11:00, 12:00","12:00, 13:00, 14:00","11:00, 12:00, 13:00, 14:00","10:00, 11:00, 12:00, 13:00","10:00, 11:00, 12:00","9:00, 10:00, 11:00, 12:00, 13:00","9:00, 10:00, 11:00, 12:00, 13:00",,,,,,,,,https://x.com/omulax_freshman?s=21,はい,momonanatomare@gmail.com,,
2026/04/06 11:09:35,奇術部Jenga,https://drive.google.com/open?id=1JaISt3SeDfzhYtQ7DJQlRzRcGm6JYuMJ,https://www.instagram.com/omu_jenga?igsh=ZmVpMTlkZDhyczNx,https://drive.google.com/open?id=1rCRT1zF6rd2sXgTptCiYTIsdJQ8jsS-M,,,,,,,放課後,放課後,,放課後,放課後,放課後,放課後,放課後,放課後,,放課後,放課後,,,,,,奇術部Jengaはマジックとジャグリングの活動を行う部活です！森之宮キャンパス、中百舌鳥キャンパスで自由に活動しています。そのため他のサークルやバイトとの両立が容易です。普段の活動の成果は、学祭や部内発表会、地域のイベントなどで披露しています！BBQや合宿など、楽しいイベントもたくさんあります！,森之宮キャンパス,"部室あり, 上回生歓迎, ゆるめ, 芸術",,,,,,,,,,,,,,,,,,,,,,,,,,,,,,,,,,,,,,,,,,,,,,,,,,,,,,,,,,,,,,,,,,,,,,,,,https://x.com/omu_jenga,はい,hiro.taikonotatuzin@gmail.com,,
2026/04/06 11:30:42,起業部,https://drive.google.com/open?id=1CudmbVbWqFD07L1fCNBtL0cwTxvlaRvB,https://www.instagram.com/omu_business_?igsh=MTRvdmRsc3lyNHV1Zw==,https://drive.google.com/open?id=1EMTsYpbnMt9m_AnhIA-D5XxUrG13Zr0O,,,,,,,放課後,,,放課後,,放課後,,,放課後,,放課後,,,放課後,,,,大阪公立大学起業部は、「今、やりたい」を実現するという理念のもと、部員それぞれが「すき」「やりたい」を形にする部活です。今は新2回生が中心となり、わいわい仲良く活動中！やりたいことが決まっていなくても大丈夫。大学で何か成し遂げてみたい人、森之宮キャンパスでぜひ一緒に活動しましょう！,森之宮キャンパス,"部費無料, 上回生歓迎, 芸術, 音楽, 勉強, インドア",,,,,,,,,,,,,,,,,,,,,,,,,,,,,,,,,,,,,,,,,,,,,,,,,,,,,,,,,,,,,,,,,,,,,,,,,https://x.com/OMUBUSnew?s=20,はい,shiro0321kuma@gmail.com,,
2026/04/06 11:37:31,テニスサークルLOVERS’,https://drive.google.com/open?id=1oITS3DaeyGVWMUrOZ6wYiT1nqV0C8xcg,https://www.instagram.com/omu_lovers.58?igsh=MXVqdTBtenl2bDFwbg==,https://drive.google.com/open?id=1mEgD_CnEoJ3scJ-T8kxGAAOHoK_mbNSB,,,"４限, ５限","４限, ５限",,,,"４限, ５限","４限, ５限",,,,"４限, ５限","４限, ５限",,,,"４限, ５限","４限, ５限",,,,通常新歓は15時から17時で、上回生がテニスコートまで引率します❗️26日は卓球やります🏓,杉本キャンパス付近の山之内庭球場で毎週月曜金曜に元気にテニスしています！経験者も初心者も楽しくテニスでき、男女関係なくわいわいした雰囲気です！新歓イベントたくさんするのでぜひ一度きてください！,杉本キャンパス,"部室あり, 上回生歓迎, ガチめ, ゆるめ, スポーツ, アウトドア",,よろしくお願いします🙇,森之宮キャンパス,,,,,"１限, ２限目, 昼休み, ３限","１限, ２限目, 昼休み, ３限, ４限",,,"５限, 放課後","５限, 放課後","昼休み, ３限","５限, 放課後",,"昼休み, ３限",,,,,,,,,学外,,,,,,"２限目, 昼休み, ３限",,,,,,,,,,,,,,,,,,,,,,,,,,,,,,,,,,,,,,,,"11:00, 12:00, 13:00, 14:00, 15:00",https://x.com/lovers_56th?s=21,はい,sb25753h@st.omu.ac.jp,,
2026/04/06 14:36:34,白鷺祭実行委員会,https://drive.google.com/open?id=1H4wVJ_iqx4-9HC_fWs7jC2Ajp1qVuR6U,https://www.instagram.com/shirasagisai,"https://drive.google.com/open?id=14ZmSo4rsfpG5C1BQYM3eSQSAADV_5yln, https://drive.google.com/open?id=1Qz5KSkCXuVKpax3L-EQbQgoN6tvFU1fC, https://drive.google.com/open?id=1m3gnYTjQRxAzU0NxUuzuv4Z5SUlfjfdj",,,,,"１限, ２限目, 昼休み, ３限, ４限","１限, ２限目, 昼休み, ３限, ４限","１限, ２限目, 昼休み, ３限, ４限, ５限","３限, ５限, 放課後","３限, ４限, ５限","３限, ４限, ５限","３限, ４限, ５限","３限, ４限, ５限","３限, ４限, ５限","３限, ４限, ５限","３限, ４限, ５限","３限, ４限, ５限","３限, ４限, ５限","３限, ４限, ５限","３限, ４限, ５限","３限, ４限, ５限",,,"7,8日：健康診断新歓、14,15,16日：森之宮キャンパス合同新歓(505小教室)、新歓カレンダーに記載のものは新歓イベントについて開催日時等はサイネージ掲出と書かれたものに記載、PDFファイルに記載の日程は委員とのお話会のもの",活動場所： 主に中百舌鳥C、今年度から森之宮Cでの活動も導入予定　活動日時： 週に１回定例会(森之宮C)、他の活動は部局による,森之宮キャンパス,,,よろしければHPのリンク『https://sagisai.net/』も団体紹介のページに記載いただけますと幸いです。,中百舌鳥キャンパス,,,,,,,,,,,,,,,,,,,,,,,学外,,,,,,,,,,,,,,,,,,,,,,４限,,,,,,,,,,,,,"10:00, 11:00, 12:00",,,,,"12:00, 13:00, 14:00, 15:00, 16:00",,,,,"10:00, 11:00, 12:00, 13:00, 14:00, 15:00, 16:00, 17:00, 18:00","12:00, 13:00, 14:00, 15:00, 16:00",https://x.com/shirasagi_sai,はい,shirasagi.top@gmail.com,,
2026/04/06 14:43:39,写真部杉本,https://drive.google.com/open?id=1A2iJWmihWvgruweQm2--j-biJFZo7rA-,https://www.instagram.com/omu_photo_s?igsh=Z2pjMTlqYWE1OHV6&utm_source=qr,https://drive.google.com/open?id=1rihI24kSdvA2Pr8omny3cynJepGi1Lrv,,,,,,,,,,,,,,,,,,,,,,,4/18（土）大阪城公園 4/25（土）京都河原町周辺 5/10（日）神戸須磨シーワールド にて新歓撮影会を行います！！ 時間は全て13:00開始、16:00頃解散予定です！ 5/15(金)は森之宮キャンパスにて5限後〜茶話会を開催する予定です🗣  詳細はオープンチャットにてご案内しているので、気になる方は写真部杉本のSNS（InstagramまたはX）のDMまでご連絡お待ちしております✨,主な活動として、月に1、2回ほど撮影会を行い、写真を撮っています📸 行き先は、京都・奈良・兵庫など近畿地方が中心です！そして、年に3回合宿も行っています！さらに、年に数回、一橋大学・津田塾大学・神戸大学・大阪公立大学（旧三商大）での合同合宿や展覧会など、他大学との交流も盛んに行っています。 また、写真を上手に撮る方法や編集のコツをしっかりと学び、部員同士で意見を交換できる機会が多くあります🔥そうして得た知識をもとに、入学式や銀杏祭など大学の行事では写真の撮影を担当しています📷 活動は基本的に参加自由で、和気あいあいとした雰囲気も魅力の一つです！写真好きな人はもちろんのこと、初心者も大歓迎です！カメラを持っていなくても、貸出カメラが多数あります✨,学外,"部室あり, 上回生歓迎, 芸術",,,,,,,,,,,,,,,,,,,,,,,,,,,,,,,,,,,,,,,,,,,,,,,,,,,,,"13:00, 14:00, 15:00",,"13:00, 14:00, 15:00",,,,,,,,,,,,,,,,,,https://x.com/omu_photo_s?s=21&t=sY8WO3B6Hpd3VEN4HAPBCw,はい,sp24375t@st.omu.ac.jp,,
2026/04/07 9:07:13,Accordアカペラサークル,https://drive.google.com/open?id=18xs-FxdzXZrmJAI5y1nbDQcGRwYvbn3o,https://www.instagram.com/accord_shinkan?utm_source=ig_web_button_share_sheet&igsh=ZDNlZDc0MzIxNw==,https://drive.google.com/open?id=1PAIxNCpI0MVUJOoG6bou0OVwNTDE5k2h,,,,,,,,,,,,,,,,,,,,,,,・カラオケ新歓は森之宮キャンパス→京橋へ移動して行う予定です！ ・バンド見学は随時行ってます！インスタかXのDMにてご気軽にご相談ください！ 　・各種新歓イベントに参加ご希望の方はインスタかXのDMにてご連絡ください！・ふたば祭1日目教室企画の演奏は13:30開演、カラオケ新歓は両日共に18:30に森之宮キャンパス集合、4/16森之宮ステージは19:20~開催、新歓ライブは12:00開演予定,杉本と森之宮キャンパスで週1~活動中！ 声だけで音楽を奏でます！ 学祭ステージはもちろん、各種大会やイベント、主催ライブなど行事が目白押し！,杉本キャンパス,"部室あり, 上回生歓迎, ガチめ, ゆるめ, 音楽, インカレ",すみません💦一部内容に不備がありましたので改めて入力させていただきました。こちらが正しい新歓情報です！！！,,森之宮キャンパス,,,,,,,,,,,,放課後,,,,,,,,,,,学外,,,,,,,,,,放課後,,,,,,,放課後,,,,,,,,"11:00, 13:00, 14:00, 15:00, 16:00","13:00, 14:00","12:00, 13:00, 14:00",,,"12:00, 13:00, 14:00",,,,,,,,,,,,,,,,,https://x.com/2026_accord?s=20,はい,hiro1224x@gmail.com,,
2026/04/06 15:52:24,シネマクラブ,https://drive.google.com/open?id=19fiYnm29qb9lEaA2xfypeLWj6Fmzw5QU,@cinema.club.omu,https://drive.google.com/open?id=1CB3zIaoc_6FfFn271gvMVSfUrw3GFvpP,,,,,,,,,放課後,,放課後,,放課後,,放課後,,放課後,,,,,,,シネマクラブでは映画を作り、学祭で上映しています！映画を作ってみたい人も、何か新しいことを始めたい方もぜひ足を運んでみてください🙇（活動場所:中百舌鳥キャンパス文化部棟一階　活動日時:不定期）,森之宮キャンパス,"部室あり, 上回生歓迎, ゆるめ, 芸術",,,中百舌鳥キャンパス,,,,,,,,,,,,,,,,,,,,,,,,,,,,,,,,,,,,,,,,,,,,,,,,,,,,,,,,,,,,,15:00,,,,,,,,,@omu_cinemaclub,はい,ebiflymaru@gmail.com,,
2026/04/06 17:14:57,OMUスプラ部,https://drive.google.com/open?id=1c70avh626aawV92vB299OmdRBOwUHlfY,https://www.instagram.com/hamu_spla?igsh=dTFzN2xnOTlveXY1&utm_source=qr,https://drive.google.com/open?id=1PthT5os9F6pV_bPN5hmRhgRGaUmNp9T8,,,,,,,,,,,,,放課後,,,,,,,,,,通話アプリ「Discord」を利用して、サークル紹介・自己紹介→プラベ→写真撮影の流れで行います！,オンラインで主に22時頃からの活動が多いですが、各々好きな時間に好きなモードで活動しています。定期的に部内イベントやオフ会も開催しています！,オンライン,"部費無料, 上回生歓迎, ガチめ, ゆるめ, ゲーム, インドア",新歓の日は21:30〜開始ですが、カレンダーでは20:00までしか選択肢がなかったので20:00としました。,,,,,,,,,,,,,,,,,,,,,,,,,,,,,,,,,,,,,,,,,,,,,,,,,,,20:00,,,,,,,,,,,,,,,,,,,,,https://x.com/hamu_splatoon3?s=21&t=FBPSpxrSwmdIv-60O0cqUQ,はい,hamuspla3@gmail.com,,
2026/04/06 19:58:19,体育会ヨット部,https://drive.google.com/open?id=166dViyj5BGbLiF6nypv9Re2OidDg1Jx7,https://www.instagram.com/omu_yacht2026,https://drive.google.com/open?id=1jTc2tCj3inIB5AFSdC8rsQvfcq-D9InF,,,,,,,,,,,,,,,,,,,,,"昼休み, ３限, ４限, ５限",,, 兵庫県西宮市こ新西宮ヨットハーバーで毎週土日に活動しています！全日本インカレ入賞を目指して日々ヨットに乗っています！全部員が大学から初めて全国の舞台で輝いているので、初心者大大大歓迎です！！4月中は毎週土日に試乗会をしているので、ぜひヨットに乗りに来てください！！,学外,"部室あり, ガチめ, スポーツ, インカレ",,,森之宮キャンパス,,,,,"１限, ２限目, 昼休み, ３限, ４限, ５限","１限, ２限目, 昼休み, ３限, ４限, ５限",,,,放課後,,放課後,,,,,,,,,,,,,,,,,,,,,,,,,,,,,,,,,,"13:00, 14:00, 15:00, 16:00","13:00, 14:00, 15:00, 16:00","13:00, 14:00, 15:00, 16:00","13:00, 14:00, 15:00, 16:00","13:00, 14:00, 15:00, 16:00","13:00, 14:00, 15:00, 16:00","13:00, 14:00, 15:00, 16:00","13:00, 14:00, 15:00, 16:00",,,,,,,,,,,,,,,,,x.com/omu_yacht2026,はい,takuyu321@gmail.com,,
2026/04/06 20:54:48,理数工学研究会 OMUnia,https://drive.google.com/open?id=1mTYT3SsXuTVurYlwWGn7hKukLATqui0E,,,,,,,,,３限,,,,,,放課後,,,放課後,３限,放課後,,,,,"9,23日の三限は森之宮キャンパスの1Fの多目的ルームで新歓座談会，そのほかの日には森之宮キャンパスにて新歓ゼミを開催します",我々理数工学研究会(りすけん)はさまざまな分野の自主ゼミを運営しております！  少しでも興味を持っていただけたら、4月上旬に開催を予定しております新歓ゼミに是非いらしてください📷,森之宮キャンパス,"部費無料, 上回生歓迎, ゆるめ, 勉強, インドア",,,,,,,,,,,,,,,,,,,,,,,,,,,,,,,,,,,,,,,,,,,,,,,,,,,,,,,,,,,,,,,,,,,,,,,,,https://x.com/risuken_OMUnia,はい,marshmallow3251@gmail.com,,
2026/04/07 9:09:10,体育会合気道部,https://drive.google.com/open?id=1Gi-nZK-bIhhMDtQLBVJ90U-IWIbRzdsq,https://www.instagram.com/omu_aikido,https://drive.google.com/open?id=1zWxV7OjpH2q7UchOW8FNPoz4fWv09oIP,,,,放課後,,,,,放課後,,,,,放課後,,,,,放課後,,,,4月4日から、毎週月曜日19:00～21:00と土曜日13:00～15:00（⚠️4月11日を除く）に、体験・見学会を行います！　また、4月14日から4月16日までの3日間は、18:45～20:00に森之宮キャンパス　506教室に個別相談ブースを設けます！  この個別相談ブースでは、日頃の稽古内容や合気道の魅力、そして部の雰囲気などを分かりやすくお伝えします！  少しでも興味がある方はぜひ足をお運び下さい！！  4月14日と4月21日は19:00～20:00森之宮キャンパスのサブアリーナで特別新歓を行います！そこでは体験も出来るので、ぜひ来て下さい！,杉本キャンパスの新武道場で月曜日の19:00~21:00、土曜日の13:00~15:00に活動しています！　昭道館合気道という流派で、演武競技以外にも乱取競技を行っているのが特徴です！　みんなで和気藹々と稽古しています。部員のほとんどが未経験でスタートしており、初心者大歓迎です！　あなたもカッコいい技を一緒に習得しましょう！,杉本キャンパス,"部室あり, 上回生歓迎, ガチめ, ゆるめ, スポーツ",,,森之宮キャンパス,,,,,,,,,,放課後,放課後,放課後,,,放課後,,,,,,,,,,,,,,,,,,,,,,,,,,,,,,,"13:00, 14:00",,"13:00, 14:00",,"13:00, 14:00",,"13:00, 14:00",,,,,,,,,,,,,,,,,,https://x.com/2026aikido,はい,ichidaiaikido@gmail.com,,
2026/04/07 0:12:44,中百舌鳥レーシング,https://drive.google.com/open?id=1DzihPYgRFiGOsISZP8njxmZmTg5y0q2p,@nakamozuracing,https://drive.google.com/open?id=1DCMW8Yl7tYq4mwirDIvIR0MI1jR9B9DA,,,,,,,,放課後,,,,,放課後,,放課後,,,,,,,,,学生の手だけでゼロからクルマを作ってみませんか？私たち中百舌鳥レーシングは毎年夏に開催される学生フォーミュラ日本大会に向けて自分たちでゼロからレーシングカーを設計、製作しています！,森之宮キャンパス,"部室あり, 上回生歓迎, ガチめ",,,中百舌鳥キャンパス,,,,,,,,,,,,,,,,,,,,,,,,,,,,,,,,,,,,,,,,,,,,,,,,,,,,,,,,"10:00, 11:00, 12:00, 13:00, 14:00, 15:00, 16:00",,,,"10:00, 11:00, 12:00, 13:00, 14:00, 15:00, 16:00",,,,,,,,,,@join_OMUracing,はい,nakamozuracing@gmail.com,,
2026/04/07 0:19:54,空手道部,https://drive.google.com/open?id=1qQ5d8CsFsgKwd2BjxRzYfW9DjAscww9m,@omu_karatedo,,,,,,,,,,放課後,放課後,放課後,,放課後,放課後,,,,,放課後,,,,,月曜日に森ノ宮キャンパス、木、土曜日に杉本キャンパス新武道場で活動しています。初心者経験者問わず大歓迎！部費・道着代無料、週1回の参加でも大丈夫です！ぜひお気軽に見学・体験にお越しください,森之宮キャンパス,"部室あり, 部費無料, 上回生歓迎, ゆるめ, スポーツ",,,杉本キャンパス,,放課後,,,,,放課後,,,,,放課後,,,,,放課後,,,,,放課後,,,,,,,,,,,,,,,,,,,,,,,,,,,,,,,,"14:00, 15:00, 16:00",,,,"13:00, 14:00, 15:00",,"13:00, 14:00, 15:00",,,,,,,,,,@omu_karatedo,はい,nyoreiniumaru@gmail.com,,
2026/04/07 0:27:11,HAT,https://drive.google.com/open?id=1rWejL_tbxz6SPMMP4wDu_dWA3xrDigfu,https://www.instagram.com/omumagic2026?igsh=c2swenl2eHBrZGth&utm_source=qr,https://drive.google.com/open?id=11iiaqBR3JWpGsuoJNy0nbzg-fLciheS3,,,,,,,放課後,,放課後,,放課後,放課後,,,,放課後,,,,,,,,マジックサークルHATです🎩✨ 毎週月曜・木曜の18:30〜20:30に杉本キャンパスで活動しています！  銀杏祭に向けたマジックの練習や、ボードゲームなどのレクリエーションもやってます🃏🎲 初心者も経験者も大歓迎！少しでも興味があればぜひ遊びに来てください🙌,森之宮キャンパス,"部室あり, 上回生歓迎, ゆるめ, インドア",マジックサークルHATです。送信が遅くなってしまい申し訳ありません。掲載していただけますと幸いです。よろしくお願いします。,,杉本キャンパス,,,,,,"３限, ４限, ５限",,,,,,,,放課後,,,放課後,,放課後,,,,,,,,,,,,,,,,,,,,,,,,,,,,,,,,,,,,,"10:00, 11:00, 12:00, 13:00, 14:00, 15:00, 16:00, 17:00, 18:00, 19:00, 20:00","10:00, 11:00, 12:00, 13:00, 14:00, 15:00",,,,,,,,,,,,,https://x.com/omumagic?s=21,はい,haruki20060826@gmail.com,,
2026/04/07 0:35:26,子供関連ボランティアサークル「コノユビトマレ」,https://drive.google.com/open?id=1USH7vWvxkWKKmiXxU854aRKRCWLFYBhe,omu_konoyubitomare,https://drive.google.com/open?id=1vhvMspatkyYQF3h5wKWFKpiVdEqGX7Sf,,,,,,,,,放課後,,放課後,,放課後,,放課後,,,放課後,,,,,"4/13,15,17は個別相談ブース508教室、4/20,22,23は杉本キャンパス部室、4/21,24は森ノ宮キャンパス305教室",コノユビトマレは、毎月第三土曜日に小学校のいきいきを訪問し、子供達と遊ぶという活動をしています！この2週間前には事前ミーティングを開催し、子供たちと遊ぶ内容を相談して決めています。新歓では、サークルの雰囲気を感じてもらうため、一緒にゲームやクイズを行います！少しでも興味を持ってくれた方、ぜひお越しください♪,森之宮キャンパス,"部室あり, 上回生歓迎, ゆるめ",,,杉本キャンパス,,,,,,,,,,,,,,放課後,,放課後,放課後,,,,,,,,,,,,,,,,,,,,,,,,,,,,,,,,,,,,,,,,,,,,,,,,,,,,,konoyubiOCU,はい,ss24074e@st.omu.ac.jp,,
2026/04/07 1:11:47,ポケモンサークルこがね,https://drive.google.com/open?id=1usiG_7dEo-bGNoM4J1fbawFb0XRZzizk,https://www.instagram.com/ocu.pokecir.2012?igsh=MW5tcnYzeDJpbGl6bg==,https://drive.google.com/open?id=1MNlzyQK0-umrmZqrZQWKKEdsFyEkia7b,,,,,,,,,,,,,放課後,,,,,,,,,,,活動場所は主に杉本キャンパスまたは森ノ宮キャンパスで、時々discordも使っています。ポケモンのゲーム・カード、ボードゲームを用いて活動しています。,杉本キャンパス,"上回生歓迎, ゆるめ, ゲーム, インドア",,,森之宮キャンパス,,,,,,,放課後,放課後,,,,,,放課後,,,,放課後,,,,,,,,,,,,,,,,,,,,,,,,,,,,,,"10:00, 11:00, 12:00, 13:00, 14:00, 15:00, 16:00, 17:00",,,,,,,,,,,,,,,,,,,,,,https://x.com/ocu_pokecir,はい,diqu3ve@gmail.com,,
2026/04/07 2:11:27,日本拳法部中百舌鳥支部,https://drive.google.com/open?id=10iEufoGV7CMflR9e2EWAOHnT5cGFpCbJ,https://www.instagram.com/omu_nikken?igsh=MWRidXpscDJxaW5rNA%3D%3D&utm_source=qr,https://drive.google.com/open?id=1i9g_qLpmTZaYR5lZ__dCnBYBl4pmdslK,,,,,"１限, ２限目, 昼休み, ３限, ４限, ５限, 放課後","１限, ２限目, 昼休み, ３限, ４限","３限, ４限, ５限, 放課後",放課後,,"５限, 放課後",,"昼休み, ３限, ４限, ５限, 放課後",放課後,,,,,,,"５限, 放課後",,,,活動場所:中百舌鳥キャンパス体育館1F柔道場　日時:火木 18:30〜21:00  土 10:00〜13:00 内容:防具を着用して安全に行える総合格闘的武道である日本拳法を行っています！部員のほとんどが大学からの初心者スタートで、大会での実績も多数！新2回生以上、女子選手、男女マネージャーも大募集中です！,森之宮キャンパス,"部室あり, 上回生歓迎, スポーツ",期限より遅くなってしまい大変申し訳ありません。何卒よろしくお願いします。,,中百舌鳥キャンパス,,,,,,,,,,,,,,,放課後,,放課後,,,,,"１限, ２限目, 昼休み",学外,,"２限目, 昼休み, ３限, ４限, ５限, 放課後",,,"２限目, 昼休み, ３限, ４限, ５限, 放課後","２限目, 昼休み, ３限, ４限, ５限, 放課後",,,,,,,,,,,,,,,,,,,,,,,,,"10:00, 11:00, 12:00",,,,"10:00, 11:00, 12:00",,"10:00, 11:00, 12:00",,,,,,,,,,https://x.com/nichikenfudai?s=21,はい,kunijo.1011@icloud.com,,
2026/04/07 9:19:47,ボート部,https://drive.google.com/open?id=1Bj8fN_127oav5jdYc_e5Mhn7BFl1n56r,https://www.instagram.com/omurowing_shinkan?igsh=MTkzdG9kcnQxMHRoYQ%3D%3D&utm_source=qr,https://drive.google.com/open?id=13dVNP8dgOvGtYTafKiZkYAk9DSfzK8ZX,,,,,,,,,放課後,放課後,放課後,放課後,,,放課後,,放課後,,放課後,,,,試乗会では、実際に船に乗って漕いでもらう体験や、エイト(８人乗り)に乗って、水上スポーツ最速を体験してもらいます！,普段は森ノ宮キャンパスから自転車で10分ほどの桜宮艇庫や各キャンパスで筋トレ、週末は大阪府立漕艇センターにて、バシバシ船漕いでます！ボート部では未経験者が9割を占め、男女共に大学から始める人がほとんどです！そんな中、私たちは全国大会にて昨年日本5位、一昨年日本4位とメダル獲得まで後一歩の成績を残しています！ぜひ、試乗会に来てください！例年大賑わいです！,学外,"部室あり, 上回生歓迎, ガチめ, スポーツ, アウトドア, インカレ",,,,,,,,,,,,,,,,,,,,,,,,,,,,,,,,,,,,,,,,,,,,,,,,,,,,13:00,13:00,13:00,10:00,10:00,,,,,,,,,,,,,,,,,https://x.com/omurc_shinkan?s=21&t=61FewOJnAeOE0PC4ljbrNQ,はい,ke.no.mono.5@gmail.com,,
2026/04/07 12:15:56,レスリング部,https://drive.google.com/open?id=1i9DAebPBSH4jpUAuAN7Urso2Q1gyl-_E,@omu_kumiwaza,,,,,,,,,,,,放課後,,,,,放課後,,,,,放課後,,15日・22日（水）19:00〜21:00/18日・25日（土）14:00〜16:00/29日（水）18:30〜19:30（筋トレのみ）　希望者は練習後無料でご飯に行けます！,毎週水曜19:00〜21:00/日曜14:00〜16:00 杉本キャンパス第一体育館　旧武道場にて活動中！　新歓（練習）への参加はインスタ・XのDM、もしくは当日参加でも可！,杉本キャンパス,"部室あり, 部費無料, 上回生歓迎, ゆるめ, スポーツ",,,,,,,,,,,,,,,,,,,,,,,,,,,,,,,,,,,,,,,,,,,,,,,,,,,,,14:00,,14:00,,,,,,,,,,,,,,,,,,@omu_kumiwaza,はい,sm23080a@st.omu.ac.jp,,
2026/04/07 13:10:29,ラグビー部,https://drive.google.com/open?id=1K6ZXXDon0d0Fn9T5GKMkPVwRb1BEDxu6,https://www.instagram.com/omurfc_2026?igsh=a3FpZ2JiM29xZWlm,https://drive.google.com/open?id=1mpaJhb785-6cQMAQvshkav0XK_pOUMBx,,,,,"１限, ２限目, 昼休み, ３限, ４限","１限, ２限目, 昼休み, ３限, ４限",,,放課後,放課後,,放課後,,,放課後,,,,,放課後,,,,大阪公立大学体育会ラグビー部です！🏉 プレイヤー35名マネージャー10名で活動しています！初心者で始める人も多いのでぜひ新歓に来てみてください✨マネージャーに興味ある子も大歓迎です👧🏻 📍活動場所 杉本グラウンド・中百舌鳥グラウンド 🕘活動日・時間 火)7:20-8:30 水)17:30-20:00 木)17:30-20:00 土)9:00-13:00 日)9:00-13:00,森之宮キャンパス,"部室あり, 上回生歓迎, ガチめ, スポーツ, アウトドア",1つ書き込めなかった新歓があって、4/19(日)に学外でBBQを開くのでカレンダーに入れていただけると助かります🙇🏻‍♀️よろしくお願いします🙇🏻‍♀️,,杉本キャンパス,,,,,,,,,,,,,,,,,,,,,"３限, ４限, ５限",,中百舌鳥キャンパス,,,,,,,"５限, 放課後",,,,"５限, 放課後",,,,,"５限, 放課後",,,,,,,,,,,,,,,,,,,,,,,,,,"9:00, 10:00, 11:00, 12:00",,,,,https://x.com/omurfc__2025?s=21,はい,sb24994c@st.omu.ac.jp,,
2026/04/07 13:31:11,弓道部杉本支部,https://drive.google.com/open?id=1TKgafPf8gNHAFMWJuBaWlagvrAd_bcGt,https://www.instagram.com/omu_s_kyudo_shinkan?igsh=NmczdTYwNmV2MXJ0,"https://drive.google.com/open?id=1DmsHZLcsbew4-d2QPLKuLJV008-RbRui, https://drive.google.com/open?id=1s_7c_UDo7_RHXdOeMdsPU6K-UupGaz1W",,,,,,,,,放課後,放課後,放課後,放課後,放課後,放課後,放課後,放課後,放課後,,,放課後,,,,杉本キャンパスの和弓場で月・水・金(17:00-19:30)、土(10:00-13:00)に活動しています！経験者はもちろん、初心者も大歓迎です😊先輩たちと一緒に楽しく弓を引きましょう！,杉本キャンパス,"部室あり, ガチめ, ゆるめ, スポーツ",,,,,,,,,,,,,,,,,,,,,,,,,,,,,,,,,,,,,,,,,,,,,,,,,,,,,"10:00, 11:00, 12:00",,,,,,,,,,,,,,,,,,,,https://x.com/omuskyudo2026?s=21,はい,haruna.aqua.0320@gmail.com,,
2026/04/07 17:34:02,ハンドボールサークルRush-Up,https://drive.google.com/open?id=16DpRmRM95XgJTDebh8E2ef4VwOLKLbjx,https://www.instagram.com/rush_up_omu?igsh=NHFtaXp0NzYwOXN0&utm_source=qr,https://drive.google.com/open?id=1aYwz0tVGxd1sVmIuk0iIgJseLruydStf,,,,,,,,,,,,,,,,,,４限,,放課後,,,,ヤンマーハナサカスタジアムで月2～3回ハンドボールをしています！その他には年2回の旅行を企画しています！経験者・初心者問わず、みんな楽しんでやってます！ぜひ気軽にDMしてね！,学外,"上回生歓迎, ゆるめ, スポーツ, インドア, インカレ",,,,,,,,,,,,,,,,,,,,,,,,,,,,,,,,,,,,,,,,,,,,,,,,,,,"15:00, 16:00, 17:00",,,,,,,,,,,,,,,,,,,,,,,はい,sy24382j@st.omu.ac.jp,,